[
{
  "model": "admin.logentry",
  "pk": 1,
  "fields": {
    "action_time": "2024-06-25T08:42:20.990Z",
    "user": 1,
    "content_type": 7,
    "object_id": "1",
    "object_repr": "Shaytanat",
    "action_flag": 1,
    "change_message": "[{\"added\": {}}]"
  }
},
{
  "model": "admin.logentry",
  "pk": 2,
  "fields": {
    "action_time": "2024-06-25T09:05:45.268Z",
    "user": 1,
    "content_type": 7,
    "object_id": "2",
    "object_repr": "Xamsa asari",
    "action_flag": 1,
    "change_message": "[{\"added\": {}}]"
  }
},
{
  "model": "admin.logentry",
  "pk": 3,
  "fields": {
    "action_time": "2024-06-25T13:00:54.651Z",
    "user": 1,
    "content_type": 7,
    "object_id": "3",
    "object_repr": "Alvido bolallik",
    "action_flag": 1,
    "change_message": "[{\"added\": {}}]"
  }
},
{
  "model": "admin.logentry",
  "pk": 4,
  "fields": {
    "action_time": "2024-06-27T07:54:15.193Z",
    "user": 1,
    "content_type": 7,
    "object_id": "3",
    "object_repr": "Alvido bolallik",
    "action_flag": 2,
    "change_message": "[{\"changed\": {\"fields\": [\"Body\"]}}]"
  }
},
{
  "model": "admin.logentry",
  "pk": 5,
  "fields": {
    "action_time": "2024-06-27T07:54:24.427Z",
    "user": 1,
    "content_type": 7,
    "object_id": "2",
    "object_repr": "Xamsa asari",
    "action_flag": 2,
    "change_message": "[{\"changed\": {\"fields\": [\"Status\"]}}]"
  }
},
{
  "model": "admin.logentry",
  "pk": 6,
  "fields": {
    "action_time": "2024-06-27T08:59:53.472Z",
    "user": 1,
    "content_type": 7,
    "object_id": "4",
    "object_repr": "Shum bola",
    "action_flag": 1,
    "change_message": "[{\"added\": {}}]"
  }
},
{
  "model": "admin.logentry",
  "pk": 7,
  "fields": {
    "action_time": "2024-06-27T16:09:00.929Z",
    "user": 1,
    "content_type": 7,
    "object_id": "5",
    "object_repr": "O'tkan kunlar",
    "action_flag": 1,
    "change_message": "[{\"added\": {}}]"
  }
},
{
  "model": "admin.logentry",
  "pk": 8,
  "fields": {
    "action_time": "2024-07-03T11:37:48.925Z",
    "user": 1,
    "content_type": 8,
    "object_id": "1",
    "object_repr": " Comment by Sanjar on Shaytanat",
    "action_flag": 1,
    "change_message": "[{\"added\": {}}]"
  }
},
{
  "model": "admin.logentry",
  "pk": 9,
  "fields": {
    "action_time": "2024-07-05T11:13:11.496Z",
    "user": 1,
    "content_type": 7,
    "object_id": "6",
    "object_repr": "Alpomish",
    "action_flag": 1,
    "change_message": "[{\"added\": {}}]"
  }
},
{
  "model": "admin.logentry",
  "pk": 10,
  "fields": {
    "action_time": "2024-07-05T11:16:04.144Z",
    "user": 1,
    "content_type": 9,
    "object_id": "3",
    "object_repr": "doston",
    "action_flag": 2,
    "change_message": "[{\"changed\": {\"name\": \"tagged item\", \"object\": \"Shaytanat tagged with doston\", \"fields\": [\"Object ID\"]}}]"
  }
},
{
  "model": "admin.logentry",
  "pk": 11,
  "fields": {
    "action_time": "2024-07-05T11:16:18.574Z",
    "user": 1,
    "content_type": 7,
    "object_id": "1",
    "object_repr": "Shaytanat",
    "action_flag": 2,
    "change_message": "[]"
  }
},
{
  "model": "admin.logentry",
  "pk": 12,
  "fields": {
    "action_time": "2024-07-05T11:20:10.123Z",
    "user": 1,
    "content_type": 7,
    "object_id": "5",
    "object_repr": "O'tkan kunlar",
    "action_flag": 2,
    "change_message": "[{\"changed\": {\"fields\": [\"Tags\"]}}]"
  }
},
{
  "model": "admin.logentry",
  "pk": 13,
  "fields": {
    "action_time": "2024-07-05T17:30:00.570Z",
    "user": 1,
    "content_type": 7,
    "object_id": "7",
    "object_repr": "Cho'pon yigit",
    "action_flag": 1,
    "change_message": "[{\"added\": {}}]"
  }
},
{
  "model": "admin.logentry",
  "pk": 14,
  "fields": {
    "action_time": "2024-07-05T17:31:11.331Z",
    "user": 1,
    "content_type": 7,
    "object_id": "8",
    "object_repr": "O‘rmondagi bayram",
    "action_flag": 1,
    "change_message": "[{\"added\": {}}]"
  }
},
{
  "model": "admin.logentry",
  "pk": 15,
  "fields": {
    "action_time": "2024-07-05T17:33:25.324Z",
    "user": 1,
    "content_type": 7,
    "object_id": "9",
    "object_repr": "Qizaloq Guli va sehrli o‘rmon",
    "action_flag": 1,
    "change_message": "[{\"added\": {}}]"
  }
},
{
  "model": "admin.logentry",
  "pk": 16,
  "fields": {
    "action_time": "2024-07-05T17:34:35.073Z",
    "user": 1,
    "content_type": 7,
    "object_id": "10",
    "object_repr": "Fil va uning do‘stlari",
    "action_flag": 1,
    "change_message": "[{\"added\": {}}]"
  }
},
{
  "model": "admin.logentry",
  "pk": 17,
  "fields": {
    "action_time": "2024-07-05T17:35:33.287Z",
    "user": 1,
    "content_type": 7,
    "object_id": "11",
    "object_repr": "Aqlli tulki",
    "action_flag": 1,
    "change_message": "[{\"added\": {}}]"
  }
},
{
  "model": "admin.logentry",
  "pk": 18,
  "fields": {
    "action_time": "2024-07-09T15:41:38.938Z",
    "user": 1,
    "content_type": 7,
    "object_id": "12",
    "object_repr": "Markdown post",
    "action_flag": 1,
    "change_message": "[{\"added\": {}}]"
  }
},
{
  "model": "admin.logentry",
  "pk": 19,
  "fields": {
    "action_time": "2024-07-09T15:42:45.658Z",
    "user": 1,
    "content_type": 7,
    "object_id": "12",
    "object_repr": "Markdown post",
    "action_flag": 2,
    "change_message": "[{\"changed\": {\"fields\": [\"Status\"]}}]"
  }
},
{
  "model": "admin.logentry",
  "pk": 20,
  "fields": {
    "action_time": "2024-07-09T16:43:53.921Z",
    "user": 1,
    "content_type": 11,
    "object_id": "1",
    "object_repr": "localhost:8000",
    "action_flag": 2,
    "change_message": "[{\"changed\": {\"fields\": [\"Domain name\", \"Display name\"]}}]"
  }
},
{
  "model": "auth.permission",
  "pk": 1,
  "fields": {
    "name": "Can add log entry",
    "content_type": 1,
    "codename": "add_logentry"
  }
},
{
  "model": "auth.permission",
  "pk": 2,
  "fields": {
    "name": "Can change log entry",
    "content_type": 1,
    "codename": "change_logentry"
  }
},
{
  "model": "auth.permission",
  "pk": 3,
  "fields": {
    "name": "Can delete log entry",
    "content_type": 1,
    "codename": "delete_logentry"
  }
},
{
  "model": "auth.permission",
  "pk": 4,
  "fields": {
    "name": "Can view log entry",
    "content_type": 1,
    "codename": "view_logentry"
  }
},
{
  "model": "auth.permission",
  "pk": 5,
  "fields": {
    "name": "Can add permission",
    "content_type": 2,
    "codename": "add_permission"
  }
},
{
  "model": "auth.permission",
  "pk": 6,
  "fields": {
    "name": "Can change permission",
    "content_type": 2,
    "codename": "change_permission"
  }
},
{
  "model": "auth.permission",
  "pk": 7,
  "fields": {
    "name": "Can delete permission",
    "content_type": 2,
    "codename": "delete_permission"
  }
},
{
  "model": "auth.permission",
  "pk": 8,
  "fields": {
    "name": "Can view permission",
    "content_type": 2,
    "codename": "view_permission"
  }
},
{
  "model": "auth.permission",
  "pk": 9,
  "fields": {
    "name": "Can add group",
    "content_type": 3,
    "codename": "add_group"
  }
},
{
  "model": "auth.permission",
  "pk": 10,
  "fields": {
    "name": "Can change group",
    "content_type": 3,
    "codename": "change_group"
  }
},
{
  "model": "auth.permission",
  "pk": 11,
  "fields": {
    "name": "Can delete group",
    "content_type": 3,
    "codename": "delete_group"
  }
},
{
  "model": "auth.permission",
  "pk": 12,
  "fields": {
    "name": "Can view group",
    "content_type": 3,
    "codename": "view_group"
  }
},
{
  "model": "auth.permission",
  "pk": 13,
  "fields": {
    "name": "Can add user",
    "content_type": 4,
    "codename": "add_user"
  }
},
{
  "model": "auth.permission",
  "pk": 14,
  "fields": {
    "name": "Can change user",
    "content_type": 4,
    "codename": "change_user"
  }
},
{
  "model": "auth.permission",
  "pk": 15,
  "fields": {
    "name": "Can delete user",
    "content_type": 4,
    "codename": "delete_user"
  }
},
{
  "model": "auth.permission",
  "pk": 16,
  "fields": {
    "name": "Can view user",
    "content_type": 4,
    "codename": "view_user"
  }
},
{
  "model": "auth.permission",
  "pk": 17,
  "fields": {
    "name": "Can add content type",
    "content_type": 5,
    "codename": "add_contenttype"
  }
},
{
  "model": "auth.permission",
  "pk": 18,
  "fields": {
    "name": "Can change content type",
    "content_type": 5,
    "codename": "change_contenttype"
  }
},
{
  "model": "auth.permission",
  "pk": 19,
  "fields": {
    "name": "Can delete content type",
    "content_type": 5,
    "codename": "delete_contenttype"
  }
},
{
  "model": "auth.permission",
  "pk": 20,
  "fields": {
    "name": "Can view content type",
    "content_type": 5,
    "codename": "view_contenttype"
  }
},
{
  "model": "auth.permission",
  "pk": 21,
  "fields": {
    "name": "Can add session",
    "content_type": 6,
    "codename": "add_session"
  }
},
{
  "model": "auth.permission",
  "pk": 22,
  "fields": {
    "name": "Can change session",
    "content_type": 6,
    "codename": "change_session"
  }
},
{
  "model": "auth.permission",
  "pk": 23,
  "fields": {
    "name": "Can delete session",
    "content_type": 6,
    "codename": "delete_session"
  }
},
{
  "model": "auth.permission",
  "pk": 24,
  "fields": {
    "name": "Can view session",
    "content_type": 6,
    "codename": "view_session"
  }
},
{
  "model": "auth.permission",
  "pk": 25,
  "fields": {
    "name": "Can add post",
    "content_type": 7,
    "codename": "add_post"
  }
},
{
  "model": "auth.permission",
  "pk": 26,
  "fields": {
    "name": "Can change post",
    "content_type": 7,
    "codename": "change_post"
  }
},
{
  "model": "auth.permission",
  "pk": 27,
  "fields": {
    "name": "Can delete post",
    "content_type": 7,
    "codename": "delete_post"
  }
},
{
  "model": "auth.permission",
  "pk": 28,
  "fields": {
    "name": "Can view post",
    "content_type": 7,
    "codename": "view_post"
  }
},
{
  "model": "auth.permission",
  "pk": 29,
  "fields": {
    "name": "Can add comment",
    "content_type": 8,
    "codename": "add_comment"
  }
},
{
  "model": "auth.permission",
  "pk": 30,
  "fields": {
    "name": "Can change comment",
    "content_type": 8,
    "codename": "change_comment"
  }
},
{
  "model": "auth.permission",
  "pk": 31,
  "fields": {
    "name": "Can delete comment",
    "content_type": 8,
    "codename": "delete_comment"
  }
},
{
  "model": "auth.permission",
  "pk": 32,
  "fields": {
    "name": "Can view comment",
    "content_type": 8,
    "codename": "view_comment"
  }
},
{
  "model": "auth.permission",
  "pk": 33,
  "fields": {
    "name": "Can add tag",
    "content_type": 9,
    "codename": "add_tag"
  }
},
{
  "model": "auth.permission",
  "pk": 34,
  "fields": {
    "name": "Can change tag",
    "content_type": 9,
    "codename": "change_tag"
  }
},
{
  "model": "auth.permission",
  "pk": 35,
  "fields": {
    "name": "Can delete tag",
    "content_type": 9,
    "codename": "delete_tag"
  }
},
{
  "model": "auth.permission",
  "pk": 36,
  "fields": {
    "name": "Can view tag",
    "content_type": 9,
    "codename": "view_tag"
  }
},
{
  "model": "auth.permission",
  "pk": 37,
  "fields": {
    "name": "Can add tagged item",
    "content_type": 10,
    "codename": "add_taggeditem"
  }
},
{
  "model": "auth.permission",
  "pk": 38,
  "fields": {
    "name": "Can change tagged item",
    "content_type": 10,
    "codename": "change_taggeditem"
  }
},
{
  "model": "auth.permission",
  "pk": 39,
  "fields": {
    "name": "Can delete tagged item",
    "content_type": 10,
    "codename": "delete_taggeditem"
  }
},
{
  "model": "auth.permission",
  "pk": 40,
  "fields": {
    "name": "Can view tagged item",
    "content_type": 10,
    "codename": "view_taggeditem"
  }
},
{
  "model": "auth.permission",
  "pk": 41,
  "fields": {
    "name": "Can add site",
    "content_type": 11,
    "codename": "add_site"
  }
},
{
  "model": "auth.permission",
  "pk": 42,
  "fields": {
    "name": "Can change site",
    "content_type": 11,
    "codename": "change_site"
  }
},
{
  "model": "auth.permission",
  "pk": 43,
  "fields": {
    "name": "Can delete site",
    "content_type": 11,
    "codename": "delete_site"
  }
},
{
  "model": "auth.permission",
  "pk": 44,
  "fields": {
    "name": "Can view site",
    "content_type": 11,
    "codename": "view_site"
  }
},
{
  "model": "auth.user",
  "pk": 1,
  "fields": {
    "password": "pbkdf2_sha256$720000$MSSjqSsEtBeeO5tiWCE0YN$VJv3cUVik3Nw4qBdzY4/+bYDOLIGT9MNwiFBKneukLw=",
    "last_login": "2024-07-09T15:38:59.715Z",
    "is_superuser": true,
    "username": "Sanjar",
    "first_name": "",
    "last_name": "",
    "email": "sanjar@gmail.com",
    "is_staff": true,
    "is_active": true,
    "date_joined": "2024-06-25T08:32:59.046Z",
    "groups": [],
    "user_permissions": []
  }
},
{
  "model": "contenttypes.contenttype",
  "pk": 1,
  "fields": {
    "app_label": "admin",
    "model": "logentry"
  }
},
{
  "model": "contenttypes.contenttype",
  "pk": 2,
  "fields": {
    "app_label": "auth",
    "model": "permission"
  }
},
{
  "model": "contenttypes.contenttype",
  "pk": 3,
  "fields": {
    "app_label": "auth",
    "model": "group"
  }
},
{
  "model": "contenttypes.contenttype",
  "pk": 4,
  "fields": {
    "app_label": "auth",
    "model": "user"
  }
},
{
  "model": "contenttypes.contenttype",
  "pk": 5,
  "fields": {
    "app_label": "contenttypes",
    "model": "contenttype"
  }
},
{
  "model": "contenttypes.contenttype",
  "pk": 6,
  "fields": {
    "app_label": "sessions",
    "model": "session"
  }
},
{
  "model": "contenttypes.contenttype",
  "pk": 7,
  "fields": {
    "app_label": "blog",
    "model": "post"
  }
},
{
  "model": "contenttypes.contenttype",
  "pk": 8,
  "fields": {
    "app_label": "blog",
    "model": "comment"
  }
},
{
  "model": "contenttypes.contenttype",
  "pk": 9,
  "fields": {
    "app_label": "taggit",
    "model": "tag"
  }
},
{
  "model": "contenttypes.contenttype",
  "pk": 10,
  "fields": {
    "app_label": "taggit",
    "model": "taggeditem"
  }
},
{
  "model": "contenttypes.contenttype",
  "pk": 11,
  "fields": {
    "app_label": "sites",
    "model": "site"
  }
},
{
  "model": "sessions.session",
  "pk": "0lgdxqqr0lan541loyeoxjxtmz8zsafk",
  "fields": {
    "session_data": ".eJxVjLEOAiEQRP-F2hAWOBcs7f0GArsopwaS464y_ruSXKFTznszLxHitpaw9byEmcVJgDj8dinSI9cB-B7rrUlqdV3mJIcid9rlpXF-nnf376DEXsZagZsMKwRwDBNq9w1b9kdKlhx4RrIRLHhAk43O2dmrio7QIGry4v0Bs5E2yA:1sOYiu:0hVaWLebF58Q1cknIh9FgPb9XY_zgVdPt5KQnVA5XSc",
    "expire_date": "2024-07-16T08:18:48.860Z"
  }
},
{
  "model": "sessions.session",
  "pk": "88sz98mzvgr3dsvrb04tv9xh1qjbrt7x",
  "fields": {
    "session_data": ".eJxVjLEOAiEQRP-F2hAWOBcs7f0GArsopwaS464y_ruSXKFTznszLxHitpaw9byEmcVJgDj8dinSI9cB-B7rrUlqdV3mJIcid9rlpXF-nnf376DEXsZagZsMKwRwDBNq9w1b9kdKlhx4RrIRLHhAk43O2dmrio7QIGry4v0Bs5E2yA:1sMMg0:yXjy1dgKlemvnK_Xji8lvkzurTv93X4AEqQ0iavop0M",
    "expire_date": "2024-07-10T07:02:44.454Z"
  }
},
{
  "model": "sessions.session",
  "pk": "igcgrt4cvcvhw9dkw2b2jzvcnq7tqe6f",
  "fields": {
    "session_data": ".eJxVjLEOAiEQRP-F2hAWOBcs7f0GArsopwaS464y_ruSXKFTznszLxHitpaw9byEmcVJgDj8dinSI9cB-B7rrUlqdV3mJIcid9rlpXF-nnf376DEXsZagZsMKwRwDBNq9w1b9kdKlhx4RrIRLHhAk43O2dmrio7QIGry4v0Bs5E2yA:1sRCvj:apHY39RtvQYGYMToFTxjlM-vPVo8hm5H6lpyB3duo8c",
    "expire_date": "2024-07-23T15:38:59.907Z"
  }
},
{
  "model": "sessions.session",
  "pk": "ouubn7sldz47yrk562bc72863ibkzgqe",
  "fields": {
    "session_data": ".eJxVjLEOAiEQRP-F2hAWOBcs7f0GArsopwaS464y_ruSXKFTznszLxHitpaw9byEmcVJgDj8dinSI9cB-B7rrUlqdV3mJIcid9rlpXF-nnf376DEXsZagZsMKwRwDBNq9w1b9kdKlhx4RrIRLHhAk43O2dmrio7QIGry4v0Bs5E2yA:1sM1d5:Ub-MPNhXQuA4_tCw3nP6HE6cNbxpTry445OhtMmnwIs",
    "expire_date": "2024-07-09T08:34:19.107Z"
  }
},
{
  "model": "sessions.session",
  "pk": "s703tl2edf64tjiqhaku3mo1fw8abqqg",
  "fields": {
    "session_data": ".eJxVjLEOAiEQRP-F2hAWOBcs7f0GArsopwaS464y_ruSXKFTznszLxHitpaw9byEmcVJgDj8dinSI9cB-B7rrUlqdV3mJIcid9rlpXF-nnf376DEXsZagZsMKwRwDBNq9w1b9kdKlhx4RrIRLHhAk43O2dmrio7QIGry4v0Bs5E2yA:1sOyI6:RMG3PFuYTMwyZSMPgh1NJt8jkF1ySzuhnELmVFsNgoE",
    "expire_date": "2024-07-17T11:36:50.810Z"
  }
},
{
  "model": "sessions.session",
  "pk": "y55ilcj50nm3032e4k7g3htxvr2p9i5o",
  "fields": {
    "session_data": ".eJxVjLEOAiEQRP-F2hAWOBcs7f0GArsopwaS464y_ruSXKFTznszLxHitpaw9byEmcVJgDj8dinSI9cB-B7rrUlqdV3mJIcid9rlpXF-nnf376DEXsZagZsMKwRwDBNq9w1b9kdKlhx4RrIRLHhAk43O2dmrio7QIGry4v0Bs5E2yA:1sPgpM:Hk9NSYl7Uf8VqQ_SZzcY_O2i_JSVO8C7r1tnid-9DGg",
    "expire_date": "2024-07-19T11:10:08.206Z"
  }
},
{
  "model": "sessions.session",
  "pk": "zisfqb6t5thpcgs4uxpd2kbntv8ocgvb",
  "fields": {
    "session_data": ".eJxVjLEOAiEQRP-F2hAWOBcs7f0GArsopwaS464y_ruSXKFTznszLxHitpaw9byEmcVJgDj8dinSI9cB-B7rrUlqdV3mJIcid9rlpXF-nnf376DEXsZagZsMKwRwDBNq9w1b9kdKlhx4RrIRLHhAk43O2dmrio7QIGry4v0Bs5E2yA:1sMOgr:In4RB3Ftf-a2yCjiIp77Y4tHsvCgvJpBC5C_puykEFk",
    "expire_date": "2024-07-10T09:11:45.766Z"
  }
},
{
  "model": "blog.post",
  "pk": 1,
  "fields": {
    "title": "Shaytanat",
    "slug": "Shaytanat-Toxirmalik",
    "author": 1,
    "body": "Shaytanat — Tohir Malik qalamiga mansub „Shaytanat“ asari asosida 1998-yilda suratga olingan kriminal teleserial[1]. „Shaytanat“ — o'zbekistondagi eng mashhur teleserial hisoblanadi. 1999-yilgi namoyishdan so'ng uning televideniyedagi namoyishiga hech qanday asossiz taʼqiq qo'yilgan edi. 2018-yilda ushbu taʼqiq olib tashlanishi aytilgan[2]. 2020-yil 23-martdan boshlab Zo'r TV telekanalida namoyish qilindi.[3]. Serial 20 qismdan iborat bo'lib, uning yakunlovchi 21-qismi haligacha suratga olinmagan[4]",
    "publish": "2024-06-25T08:38:40Z",
    "created": "2024-06-25T08:42:20.647Z",
    "update": "2024-07-05T11:16:18.560Z",
    "status": "DF"
  }
},
{
  "model": "blog.post",
  "pk": 2,
  "fields": {
    "title": "Xamsa asari",
    "slug": "xamsa-asari",
    "author": 1,
    "body": "„Xamsa“ yozishni ozarbayjonlik ulug' shoir Nizomiy Ganjaviy boshlab bergan. U 1170–1204-yillar oralig'ida birin-ketin 5 ta doston yaratdi. Bu dostonlar shoirning vafotidan keyin yaxlit bir to'plam holiga keltirilib „Panj ganj“ („Besh xazina“) deb nomlandi va keyinchalik „Xamsa“ nomi bilan mashhur bo'ldi.",
    "publish": "2024-06-25T09:05:27Z",
    "created": "2024-06-25T09:05:45.036Z",
    "update": "2024-06-27T07:54:24.406Z",
    "status": "PB"
  }
},
{
  "model": "blog.post",
  "pk": 3,
  "fields": {
    "title": "Alvido bolallik",
    "slug": "alvido-bolallik",
    "author": 1,
    "body": "\"Alvido bolalik\" qissasi bolaligini erta yo'qotgan, yosh bo'lishiga qaramay hayot sinovlarida toblangan \"kattalar\" haqidagi asar. Ushbu asarda oiladagi nizolar, jamiyatda ildiz otib ketgan muammolar, loqaydlik, poraxo'rlik, tanish-bilishchilik kabi illatlar yorqin ifodalangan. Shular qatorida, bolalarning samimiy hayoti, Vatanga sadoqat hissi, kasbga muhabbat kabi g'oyalar bilan boyitilgan. \r\n\r\n   Asar bugungi kunda ham dolzarbligini yo'qotmagan. Qahramonlar hayotidagi voqealar orqali barcha davrlar uchun kerakli bo'lgan muammolar, oson o'qiladigan, sodda va tushunarli yoritib berilgan.",
    "publish": "2024-06-25T12:59:53Z",
    "created": "2024-06-25T13:00:54.466Z",
    "update": "2024-06-27T07:54:15.097Z",
    "status": "PB"
  }
},
{
  "model": "blog.post",
  "pk": 4,
  "fields": {
    "title": "Shum bola",
    "slug": "shum-bola",
    "author": 1,
    "body": "„Shum bola“ — o'zbek yozuvchisi va shoiri G'afur G'ulom qalamiga mansub qissa. Muallif asarni 1936-yil yozgan. Qissa bir necha marta nashr qilingan. Qissada ijodkorning bolaligi, 20-asr boshidagi Toshkent hayoti tasvirlangan.\r\n\r\nQissa o'tkir hajviy asar bo'lib, haqiqiy voqealar va shaxslar taqdiriga asoslangan. Asar markazida yozuvchining hayotidan olingan ko'p faktlar turgan bo'lsa-da, u avtobiografik emas. Unda haqiqiy tarixiy faktlarga nisbatan badiiy to'qima, fantaziya kuchli.",
    "publish": "2024-06-27T08:58:43Z",
    "created": "2024-06-27T08:59:53.179Z",
    "update": "2024-06-27T08:59:53.179Z",
    "status": "PB"
  }
},
{
  "model": "blog.post",
  "pk": 5,
  "fields": {
    "title": "O'tkan kunlar",
    "slug": "otkan-kunlar",
    "author": 1,
    "body": "o'tkan kunlar, baʼzi manbalarda o'tgan kunlar – o'zbek yozuvchisi Abdulla Qodiriy qalamiga mansub o'zbek adabiyotidagi ilk roman[1]. 1969-yil „o'zbekfilm“ kinostudiyasida ushbu roman asosida „o'tgan kunlar“ nomli film suratga olingan. Adib romanni yozishda arab yozuvchisi Jurji Zaydon asarlaridan ilhomlangan[2]. Roman 1920-yillar boshida yozilgan bo'lib, 1922-yil ilk bor „Inqilob“ jurnalida chop etilgan va 1926-yilda alohida kitob holida nashr etilgan[3].",
    "publish": "2024-06-27T16:07:59Z",
    "created": "2024-06-27T16:09:00.648Z",
    "update": "2024-07-05T11:20:10.095Z",
    "status": "PB"
  }
},
{
  "model": "blog.post",
  "pk": 6,
  "fields": {
    "title": "Alpomish",
    "slug": "alpomish",
    "author": 1,
    "body": "„Alpomish“ — o'zbek xalq og'zaki badiiy ijodidagi qahramon personaj. Turkiy xalqlarda og'izdan og'izga o'tib kelayotgan biylarning sardori. Turkiy xalqlar orasida keng tarqalgan. „Alpomish“ning qoraqalpoq, qozoq, oltoy versiyalari doston shaklida, tatar va boshqird versiyalari ertak va rivoyat shaklida bizgacha yetib kelgan. o'zbeklar „Alpomish“, qoraqalpoqlar „Alpamis“, qozoqlar „Alpamis batir“, oltoyliklar „Apip-Manash“, qozon tatarlari „Alpamsha“, boshqirdlar „Alpamisha va Barsin hiluu“ deb nomlaganlar.",
    "publish": "2024-07-05T11:12:40Z",
    "created": "2024-07-05T11:13:11.456Z",
    "update": "2024-07-05T11:13:11.456Z",
    "status": "PB"
  }
},
{
  "model": "blog.post",
  "pk": 7,
  "fields": {
    "title": "Cho'pon yigit",
    "slug": "chopon-yigit",
    "author": 1,
    "body": "Bir zamonlar, uzoq-uzoq o‘lkalarning birida, kichik bir qishloqda cho‘pon yigit yashar edi. Yigitning ismi Baxtiyor edi. U kuchli, mehnatsevar va yuragi pok edi. Baxtiyor kundan-kunga otasining qo‘ylarini boqish bilan mashg‘ul bo‘lar, ularni tog‘larga olib chiqar, kechqurun esa qaytar edi.\r\n\r\nBir kuni, Baxtiyorning qo‘ylari uni noma’lum bir joyga olib ketishdi, u yerda ularni kutib turgan narsa — ulkan ajdar edi. Ajdar yigitdan uning qo‘ylarini talab qildi. Biroq Baxtiyor qo‘rqmadi. U ajdarga qarshi turishga qaror qildi va unga aql bilan yondashdi.\r\n\r\n«Men senga qo‘ylarimni bermayman,» dedi Baxtiyor. «Lekin agar sen menga bir muammoni hal qilishimda yordam bersang, men senga bir boylik beraman.»\r\n\r\nAjdar qiziqib qoldi va rozi bo‘ldi. Baxtiyor ajdarga qishloqda ko‘p yillardan beri hal qilinmagan bir masala haqida gapirib berdi. Masala shundan iborat ediki, qishloqdagi chashma suvi kamayib ketgan va hech kim sababini bilmas edi.\r\n\r\nAjdar chashmaga borib, uning ostida yo‘lni to‘sib qo‘ygan katta toshni ko‘rdi. U kuchi bilan toshni ko‘tarib, chashmaning suvi yana oqib ketishiga yo‘l qo‘ydi. Qishloq aholisi bundan juda xursand bo‘lishdi va Baxtiyor bilan ajdarni qahramon sifatida qarshi olishdi.\r\n\r\nAjdarga va’da qilingan boylik sifatida Baxtiyor unga eng qimmatbaho narsasini — o‘zining minnatdorchiligini va qishloqdoshlarining do‘stligini taqdim etdi. Ajdar qishloqdan ketar ekan, u bilan birga qishloq aholisining mehri ham ketdi.\r\n\r\nShu tariqa, Baxtiyorning aqlliligi va jasorati nafaqat uning qo‘ylarini saqlab qoldi, balki qishloqni ham katta balodan qutqardi. U har doim qishloqdoshlari orasida hurmat va muhabbat bilan eslanadi.",
    "publish": "2024-07-05T17:28:42Z",
    "created": "2024-07-05T17:30:00.394Z",
    "update": "2024-07-05T17:30:00.394Z",
    "status": "PB"
  }
},
{
  "model": "blog.post",
  "pk": 8,
  "fields": {
    "title": "O‘rmondagi bayram",
    "slug": "ormondagi-bayram",
    "author": 1,
    "body": "Bir o‘rmonda turli xil hayvonlar quyon, tulki, ayiq, bo‘ri, olmaxon, tipratikan va boshqalar yashar edi. Ularning barchasi do‘st edilar va o‘z o‘rmonlarini yaxshi ko‘rishardi. Bir kuni ular bahor kelishi sharafiga bayram uyushtirishga qaror qilishdi. Ular gullar o‘sadigan eng chiroyli joyni tanladilar va tayyorgarlik ko‘rishni boshladilar. Quyon sabzi va karam, tulki — olma va qo‘ziqorin, ayiq — asal va yong‘oq, bo‘ri — go‘sht va pishloq, olmaxon — boshoq va urug‘lar, tipratikan — rezavorlar va o‘tlar yig‘di. Hamma umumiy stolga o‘z hissasini qo‘shdi. Ular, shuningdek, joyni barglar, gullar va boshqa narsalar bilan bezashdi. Ular hamma narsa chiroyli va qulay bo‘lishini xohlashdi.\r\n\r\nHamma narsa tayyor bo‘lgach, hayvonlar ochiq joyga yig‘ilib, bayram qilishni boshladilar. Ular yedilar, ichishdi, qo‘shiq aytishdi, raqsga tushishdi, o‘yin o‘ynashdi va zavqlanishdi. Ular bahor kelganidan, o‘rmon yam-yashillashganidan, qushlar sayrashidan, quyosh charaqlab turganidan xursand bo‘lishdi. Ular do‘stlik va qo‘llab-quvvatlash uchun bir-birlariga minnatdorchilik bildirishdi. Ular xursand va mamnun edilar.\r\n\r\nAmmo o‘sha kuni o‘rmonga bir odam kirib keldi. U g‘azablangan va ochko‘z edi. U o‘rmonni kesib, daraxtlarni sotmoqchi edi. U tabiatga ham, hayvonlarga ham parvo qilmasdi. U katta arra bilan kelib, daraxtlarni kesa boshladi. U qushlarning sayrashini eshitmadi, gullarni ko‘rmadi, o‘rmonni hidlamadi. U faqat pulni ko‘rdi.\r\n\r\nHayvonlar shovqinni eshitib, nima bo‘layotganini ko‘rish uchun ketishdi. Ular daraxtlarni kesayotgan odamni ko‘rdilar. Ular qo‘rqib, g‘azablanishdi. Ular inson o‘z o‘rmonlarini va uylarini yo‘q qilmoqchi ekanligini tushunishdi. Ular o‘z o‘rmonlarini va bayramlarini himoya qilishga qaror qilishdi. Ular birlashib, odamga hujum qilishdi. Quyon uning oyog‘idan, tulki qo‘lidan, ayiq orqasidan, bo‘ri bo‘ynidan, olmaxon quloqlaridan, tipratikanning burnidan tishlab oldi. Ular qichqirishdi, tirnashdi, tortishdi, itarib yuborishdi. Ular odamning nafas olishiga va harakatlanishiga yo‘l bermadilar.\r\n\r\nErkak qo‘rqib, arrani tashlab, o‘rmondan qochib ketdi. U yana u erga qaytib kelmadi. Hayvonlar bayramga qaytishdi. Ular mag‘rur va jasur edilar. Ular zavqlanishda va xursandchilikda davom etishdi. Ular bu ularning hayotidagi eng yaxshi ertak ekanligini aytishdi. Va ular abadiy baxtli yashashdi.",
    "publish": "2024-07-05T17:30:03Z",
    "created": "2024-07-05T17:31:11.309Z",
    "update": "2024-07-05T17:31:11.309Z",
    "status": "PB"
  }
},
{
  "model": "blog.post",
  "pk": 9,
  "fields": {
    "title": "Qizaloq Guli va sehrli o‘rmon",
    "slug": "qizaloq-guli-va-sehrli-ormon",
    "author": 1,
    "body": "Bir zamonlar, tog‘larning etagida, ko‘klamning to‘liq ochilgan gullari bilan bezatilgan, mo‘‘jazgina qishloq bor edi. Shu qishloqda Guli ismli yosh qizaloq yashardi. Gulining eng katta qiziqishi o‘rmonni sayr qilish edi, u yerda u har kuni yangi sarguzashtlarni kashf etardi.\r\n\r\nBir kun, Guli o‘rmonning chuqurroq qismlariga kirib ketdi va o‘zini sehrli dunyoda topdi. Bu yerda daraxtlar gapira olar, hayvonlar inson tilida so‘zlashar va har bir gul o‘zining hikoyasiga ega edi.\r\n\r\nGuli o‘rmon ichida kezib yurganda, u bir chetda yig‘layotgan kichkintoy tulkiga duch keldi. Tulki Guliga o‘zining sehrli marvaridini yo‘qotib qo‘yganini aytib berdi. Bu marvarid tulkining oilasiga avlodlar davomida meros bo‘lib kelgan edi.\r\n\r\nGuli tulkiga yordam berishga qaror qildi va ikkovlon marvaridni izlab o‘rmonni kezishni boshlashdi. Yo‘l-yo‘lakay ular ko‘plab hayvonlar bilan uchrashdilar: aqlli bug‘u, o‘ynoqi quyonlar, va hatto shamol bilan suhbatlashadigan daraxtlar.\r\n\r\nHar bir mavjudot ularga marvaridni topish yo‘lida yordam berdi, biroq hech kim aniq joyini bilmas edi. Nihoyat, ular marvaridni topish uchun yordam bera oladigan qushga duch kelishdi. Qush ularga marvaridni kuchli shamol esganda, o‘rmonning eng baland daraxtiga uchib ketganini aytdi.\r\n\r\nGuli va tulki birgalikda o‘sha daraxtga yetib borishdi. U yerda, yashil barglar orasida, marvarid yaltirab yotardi. Tulki marvaridni topganidan xursand bo‘lib, Guliga minnatdorchilik bildirdi.\r\n\r\nBu sarguzasht Guliga ko‘p narsalarni o‘rgatdi: do‘stlikning qadri, tabiat bilan uyg‘unlik va murakkab vaziyatlarda sabrli bo‘lishni. U o‘rmondan qaytganida, uning ko‘zlarida yangi bir chaqnab turgan hayotga bo‘lgan muhabbat va hurmat yorqin ko‘rinib turardi.\r\n\r\nQishloq ahli Gulining o‘rmondagi sarguzashtlarini qiziqish bilan tingladilar va uning hikoyalari qishloq bo‘ylab tarqaldi. Guli esa har doim o‘zining sehrli o‘rmonini va u yerdagi yangi do‘stlarini eslab yurardi.\r\n\r\n_________________________\r\n\r\nBu ertak, qizaloqning o‘rmondagi sehrli sarguzashtlari va o‘rganishlari haqida hikoya qiladi. Bu ertak bolalarga do‘stlikni, sabr-toqatni va birgalikda ishlashning kuchini o‘rgatadi, shuningdek, ularni o‘z atroflaridagi tabiatga hurmat bilan qarashga ilhomlantiradi. Har bir mavjudot va har bir hodisa Guliga hayotda muhim bo‘lgan darslarni o‘rgatib, uning shaxs sifatida o‘sishiga yordam beradi.",
    "publish": "2024-07-05T17:32:40Z",
    "created": "2024-07-05T17:33:25.294Z",
    "update": "2024-07-05T17:33:25.294Z",
    "status": "DF"
  }
},
{
  "model": "blog.post",
  "pk": 10,
  "fields": {
    "title": "Fil va uning do‘stlari",
    "slug": "fil-va-uning-dostlari",
    "author": 1,
    "body": "Bir vaqtlar, sirkda yashaydigan bir katta va mehribon fil bo‘lgan ekan, uning ismi Bado edi. Bado juda ham kuchli va katta bo‘lsa ham, u juda muloyim va do‘stona edi. Uning eng yaqin do‘stlari — chaqqon quyonlar, aqlli sichqon va ozodlikni sevuvchi kaptarlar edi.\r\n\r\nKunlardan bir kuni, sirkka yangi rahbar keldi va u jonivorlarga yana-da qiyin tryuklarni o‘rgatishni boshladi. Bado va uning do‘stlari bundan qo‘rqib ketishdi, chunki bu tryuklar juda xavfli edi. Shunda ular birgalikda sirkdan qochish rejasini tuzishdi.\r\n\r\nKechasi, Bado quyonlarni o‘z bo‘yniga osilgan sumkada, sichqonni esa o‘z qulog‘ida yashirdi. Kaptarlar esa osmonda uchib, yo‘lni ko‘rsatib turishdi. Ular birgalikda jim-jitlikda sirkdan sirg‘alib chiqishdi va ozodlikka qarab yo‘l olishdi.\r\n\r\nTong otgach, ular yashil vodiyga yetib kelishdi. Bado va uning do‘stlari bu yerda baxtli va tinch hayot kechira boshladilar. Quyonlar o‘yin-kulgi uyushtirishdi, sichqon aqlli rejalar tuzdi, kaptarlar esa osmonda erkin uchib yurishdi.\r\n\r\nBado va uning do‘stlari har kuni o‘zlarining sarguzashtlarini eslab, yangi do‘stlar orttirishdi. Ularning har biri o‘zgacha xususiyatlarga ega edi, ammo ular bir-birlarini qadrlashardi va har qanday vaziyatda ham bir-birlarini qo‘llab-quvvatlashardi. Bado, quyonlar, sichqon va kaptarlarning do‘stligi ularga baxtli va mazmunli hayot kechirishga yordam berardi. Ularning sarguzashtlari esa sirkdagi kunlaridan ancha farq qilardi — endi ular erkin va xursandchilik ichida yashashardi.\r\n\r\nShunday qilib, Bado va uning do‘stlari o‘zlarining yangi uylarida baxtli va xavfsiz hayot kechirdilar, ular har kuni yangi sarguzashtlarni kashf etar edilar.",
    "publish": "2024-07-05T17:33:36Z",
    "created": "2024-07-05T17:34:35.054Z",
    "update": "2024-07-05T17:34:35.054Z",
    "status": "PB"
  }
},
{
  "model": "blog.post",
  "pk": 11,
  "fields": {
    "title": "Aqlli tulki",
    "slug": "aqlli-tulki",
    "author": 1,
    "body": "Bir paytlar chuqur o‘rmonda Lisa ismli aqlli tulki yashar edi. U barcha o‘rmon aholisi orasida zukkoligi va ayyorligi bilan tanilgan edi. Lisa qiyin muammolarni hal qilishni yaxshi ko‘rardi va har doim eng chalkash vaziyatlardan chiqish yo‘lini topar edi.\r\n\r\nBir kuni o‘rmonda falokat yuz berdi: yovuz sehrgar  o‘rmondagi daryoni sehrlab qo‘ydi va unda suv oqishni to‘xtatdi. O‘rmon hayvonlari juda xavotirda edilar, chunki daryo ularning asosiy suv manbai edi.\r\n\r\nLisa esa do‘stlariga yordam berishga qaror qildi va sehrgarni topish va uning jumbog‘ini hal qilish uchun sayohatga chiqdi. Yo‘lda u turli xil hayvonlarni uchratdi, ular Lisaga maslahatlar berdi. Lisa barcha dalillarni birlashtirdi va sehrni buzish uchun eng baland tog‘da o‘sadigan noyob gulni topish kerakligini tushundi.\r\n\r\nLisa bor kuchi va donoligini to‘plab, bu gulni izlab yo‘lga chiqdi. Sayohat qiyin edi, lekin uning qatʼiyatliligi va aql-zakovati unga barcha to‘siqlarni yengishga yordam berdi. Nihoyat, u gulni topib, daryoga olib keldi.\r\n\r\nLisa gulni suvga qo‘yishi bilanoq, sehr darhol ko‘tarildi va daryo yana tirik suv bilan ko‘piklandi. O‘rmon hayvonlari xursand bo‘lishdi va Lisaning zukkoligi va jasorati uchun minnatdorchilik bildirishdi.\r\n\r\nO‘shandan beri Lisa o‘rmonning haqiqiy qahramoniga aylandi. U haqiqiy kuch nafaqat ayyorlikda, balki mehribonlik, jasorat va boshqalarga yordam berish qobiliyatida ekanligini tushundi.",
    "publish": "2024-07-05T17:35:02Z",
    "created": "2024-07-05T17:35:33.251Z",
    "update": "2024-07-05T17:35:33.251Z",
    "status": "PB"
  }
},
{
  "model": "blog.post",
  "pk": 12,
  "fields": {
    "title": "Markdown post",
    "slug": "markdown-post",
    "author": 1,
    "body": "This is a post formatted with markdown\r\n--------------------------------------\r\n*This is emphasized* and **this is more emphasized**.\r\nHere is a list:\r\n* One\r\n* Two\r\n* Three\r\nAnd a [link to the Django website](https://www.djangoproject.com/)",
    "publish": "2024-07-09T15:39:10Z",
    "created": "2024-07-09T15:41:38.579Z",
    "update": "2024-07-09T15:42:45.611Z",
    "status": "PB"
  }
},
{
  "model": "blog.comment",
  "pk": 1,
  "fields": {
    "post": 1,
    "name": "Sanjar",
    "email": "sanjarbahodirov9901@gmail.com",
    "body": "O'qishga arziydigan kitob",
    "created": "2024-07-03T11:37:48.904Z",
    "updated": "2024-07-03T11:37:48.904Z",
    "active": true
  }
},
{
  "model": "blog.comment",
  "pk": 2,
  "fields": {
    "post": 5,
    "name": "Sanjar",
    "email": "sanjarbahodirov9901@gmail.com",
    "body": "O'qish kerak",
    "created": "2024-07-03T13:34:54.455Z",
    "updated": "2024-07-03T13:34:54.455Z",
    "active": true
  }
},
{
  "model": "blog.comment",
  "pk": 3,
  "fields": {
    "post": 5,
    "name": "Sanjar",
    "email": "sanjarbahodirov9901@gmail.com",
    "body": "O'qish kerak",
    "created": "2024-07-03T13:35:54.232Z",
    "updated": "2024-07-03T13:35:54.232Z",
    "active": true
  }
},
{
  "model": "blog.comment",
  "pk": 4,
  "fields": {
    "post": 4,
    "name": "farrux",
    "email": "farrux@gmail.com",
    "body": "Ajoyib kitob",
    "created": "2024-07-03T13:46:54.623Z",
    "updated": "2024-07-03T13:46:54.623Z",
    "active": true
  }
},
{
  "model": "blog.comment",
  "pk": 5,
  "fields": {
    "post": 4,
    "name": "Sarvar",
    "email": "sarvar@gmail.com",
    "body": "Menga yoqmadi",
    "created": "2024-07-03T13:47:24.247Z",
    "updated": "2024-07-03T13:47:24.247Z",
    "active": true
  }
},
{
  "model": "blog.comment",
  "pk": 6,
  "fields": {
    "post": 4,
    "name": "Sarvar",
    "email": "sarvar@gmail.com",
    "body": "Menga yoqmadi",
    "created": "2024-07-03T13:48:42.621Z",
    "updated": "2024-07-03T13:48:42.621Z",
    "active": true
  }
},
{
  "model": "taggit.tag",
  "pk": 1,
  "fields": {
    "name": "roman",
    "slug": "roman"
  }
},
{
  "model": "taggit.tag",
  "pk": 2,
  "fields": {
    "name": "hikoya",
    "slug": "hikoya"
  }
},
{
  "model": "taggit.tag",
  "pk": 3,
  "fields": {
    "name": "doston",
    "slug": "doston"
  }
},
{
  "model": "taggit.tag",
  "pk": 4,
  "fields": {
    "name": "she'riy",
    "slug": "sheriy"
  }
},
{
  "model": "taggit.tag",
  "pk": 5,
  "fields": {
    "name": "qahramonlik",
    "slug": "qahramonlik"
  }
},
{
  "model": "taggit.tag",
  "pk": 6,
  "fields": {
    "name": "haqida",
    "slug": "haqida"
  }
},
{
  "model": "taggit.tag",
  "pk": 7,
  "fields": {
    "name": "hayvonlar",
    "slug": "hayvonlar"
  }
},
{
  "model": "taggit.tag",
  "pk": 8,
  "fields": {
    "name": "ertaklar",
    "slug": "ertaklar"
  }
},
{
  "model": "taggit.tag",
  "pk": 9,
  "fields": {
    "name": "sarguzasht",
    "slug": "sarguzasht"
  }
},
{
  "model": "taggit.tag",
  "pk": 10,
  "fields": {
    "name": "markdown",
    "slug": "markdown"
  }
},
{
  "model": "taggit.taggeditem",
  "pk": 1,
  "fields": {
    "tag": 1,
    "content_type": 7,
    "object_id": 1
  }
},
{
  "model": "taggit.taggeditem",
  "pk": 2,
  "fields": {
    "tag": 2,
    "content_type": 7,
    "object_id": 1
  }
},
{
  "model": "taggit.taggeditem",
  "pk": 4,
  "fields": {
    "tag": 3,
    "content_type": 7,
    "object_id": 1
  }
},
{
  "model": "taggit.taggeditem",
  "pk": 5,
  "fields": {
    "tag": 4,
    "content_type": 7,
    "object_id": 6
  }
},
{
  "model": "taggit.taggeditem",
  "pk": 6,
  "fields": {
    "tag": 1,
    "content_type": 7,
    "object_id": 5
  }
},
{
  "model": "taggit.taggeditem",
  "pk": 7,
  "fields": {
    "tag": 5,
    "content_type": 7,
    "object_id": 7
  }
},
{
  "model": "taggit.taggeditem",
  "pk": 8,
  "fields": {
    "tag": 6,
    "content_type": 7,
    "object_id": 8
  }
},
{
  "model": "taggit.taggeditem",
  "pk": 9,
  "fields": {
    "tag": 7,
    "content_type": 7,
    "object_id": 8
  }
},
{
  "model": "taggit.taggeditem",
  "pk": 10,
  "fields": {
    "tag": 8,
    "content_type": 7,
    "object_id": 9
  }
},
{
  "model": "taggit.taggeditem",
  "pk": 11,
  "fields": {
    "tag": 9,
    "content_type": 7,
    "object_id": 9
  }
},
{
  "model": "taggit.taggeditem",
  "pk": 12,
  "fields": {
    "tag": 6,
    "content_type": 7,
    "object_id": 10
  }
},
{
  "model": "taggit.taggeditem",
  "pk": 13,
  "fields": {
    "tag": 7,
    "content_type": 7,
    "object_id": 10
  }
},
{
  "model": "taggit.taggeditem",
  "pk": 14,
  "fields": {
    "tag": 6,
    "content_type": 7,
    "object_id": 11
  }
},
{
  "model": "taggit.taggeditem",
  "pk": 15,
  "fields": {
    "tag": 7,
    "content_type": 7,
    "object_id": 11
  }
},
{
  "model": "taggit.taggeditem",
  "pk": 16,
  "fields": {
    "tag": 10,
    "content_type": 7,
    "object_id": 12
  }
},
{
  "model": "sites.site",
  "pk": 1,
  "fields": {
    "domain": "localhost:8000",
    "name": "localhost:8000"
  }
}
]
